{
    "Average Precision": 0.010362694300518135,
    "Average Recall": 0.05958549222797927,
    "Average F1 Score": 0.017218820327628618,
    "Average SSIM Precision": 0.6290078690912516,
    "Average SSIM Recall": 0.7615988875814875
}